{
    "BINH CHANH": [
        106.59928437,
        10.7080941
    ],
    "BINH THANH": [
        106.7106739,
        10.81236736
    ],
    "BINH TAN": [
        106.59185577,
        10.76849142
    ],
    "CU CHI": [
        106.52149395,
        11.03145621
    ],
    "CAN GIO": [
        106.97097926,
        10.45465322
    ],
    "GO VAP": [
        106.66737587,
        10.83800042
    ],
    "HOC MON": [
        106.60970238,
        10.88712536
    ],
    "NHA BE": [
        106.72282509,
        10.64094082
    ],
    "PHU NHUAN": [
        106.67950392,
        10.79897935
    ],
    "QUAN 10": [
        106.66866466,
        10.77079414
    ],
    "QUAN 11": [
        106.64520678,
        10.76583559
    ],
    "QUAN 12": [
        106.65810283,
        10.86093358
    ],
    "QUAN 1": [
        106.69548463,
        10.78343482
    ],
    "QUAN 3": [
        106.67608034,
        10.78522737
    ],
    "QUAN 4": [
        106.70296998,
        10.75829395
    ],
    "QUAN 5": [
        106.66929241,
        10.75301895
    ],
    "QUAN 6": [
        106.63090987,
        10.74503421
    ],
    "QUAN 7": [
        106.72356962,
        10.73376706
    ],
    "QUAN 8": [
        106.6435674,
        10.72540308
    ],
    "TAN BINH": [
        106.65917519,
        10.81229902
    ],
    "TAN PHU": [
        106.62464563,
        10.78907531
    ],
    "THU DUC": [
        106.77374533,
        10.82217494
    ]
}